keyword,place_id,scraped_item,ingredients,combined_score,attribute_scores
"('Houston, Texas', 'ukrainian food', 500000)",ChIJ2bHd0losR4YRYd_qzxNOiIo,Russian Borscht Soup,,0.7762654,"{'name': 0, 'ingredient_1': 0, 'ingredient_2': 0, 'ingredient_3': 0}"
"('Houston, Texas', 'ukrainian food', 500000)",ChIJtQtmABXDQIYRdimv6mcxXY8,Hungarian Goulash,"Beef Tips, Fettuccini, Spiced Paprika Sauce, Red Cabbage",0.6556138,"{'name': np.float32(0.4693261), 'ingredient_1': np.float32(1.0000002), 'ingredient_2': np.float32(1.0000005), 'ingredient_3': np.float32(0.5581182)}"
"('Houston, Texas', 'ukrainian food', 500000)",ChIJtQtmABXDQIYRdimv6mcxXY8,Heritage Sampler Plate,"Grilled Knackwurst, Pork Loin, Cabbage Roll, Sauerkraut, Potato Pancake, Red Cabbage, Austrian Potatoes, Roast Chicken, Pork Wiener Schnitzel",0.6468846,"{'name': np.float32(0.5043859), 'ingredient_1': np.float32(1.0000002), 'ingredient_2': np.float32(1.0000005), 'ingredient_3': np.float32(1.0000006)}"
"('Houston, Texas', 'ukrainian food', 500000)",ChIJtQtmABXDQIYRdimv6mcxXY8,Schnitzel Balkan,"Pork Loin, Roasted Onions, Bacon, Cheese Sauce",0.5811308,"{'name': np.float32(0.41989943), 'ingredient_1': np.float32(0.99999994), 'ingredient_2': np.float32(0.5253202), 'ingredient_3': np.float32(0.8195257)}"
"('Houston, Texas', 'ukrainian food', 500000)",ChIJtQtmABXDQIYRdimv6mcxXY8,Grilled Sausage Plate,"Sauerkraut, Polish, Red Cabbage, Austrian Potato, Bratwurst, Knackwurst",0.55969644,"{'name': np.float32(0.5043859), 'ingredient_1': np.float32(0.5207863), 'ingredient_2': np.float32(1.0000005), 'ingredient_3': np.float32(1.0000006)}"
"('Houston, Texas', 'ukrainian food', 500000)",ChIJ2bHd0losR4YRYd_qzxNOiIo,Ground Beef & Veggies,"with ground beef, with sweet pepper, with mozzarella, cheddar cheese, with cherry tomato, with spinach",0.55283153,"{'name': np.float32(0.4081288), 'ingredient_1': np.float32(1.0000002), 'ingredient_2': np.float32(0.54039645), 'ingredient_3': np.float32(0.6033549)}"
"('Houston, Texas', 'ukrainian food', 500000)",ChIJtQtmABXDQIYRdimv6mcxXY8,Roasted Pork Loin,"Beer Mustard Sauce, Austrian Potatoes, White Wine Demi-Glace Sauce, Red Cabbage",0.5360096,"{'name': np.float32(0.4693261), 'ingredient_1': np.float32(0.50619066), 'ingredient_2': np.float32(1.0000005), 'ingredient_3': np.float32(0.8266106)}"
"('Houston, Texas', 'ukrainian food', 500000)",ChIJtQtmABXDQIYRdimv6mcxXY8,Reuben Sandwich,"Russian Dressing, Sauerkraut, French Fries, Corn Beef, Rye Bread, Swiss Cheese",0.53492045,"{'name': np.float32(0.5043859), 'ingredient_1': np.float32(1.0000002), 'ingredient_2': np.float32(0.65379393), 'ingredient_3': np.float32(0.5221751)}"
"('Houston, Texas', 'ukrainian food', 500000)",ChIJtQtmABXDQIYRdimv6mcxXY8,RUDIS SALAD BAR,"Kernel Corn Salad, Liptauer, German Potato Salad, Jalapenos, Feta Cheese, Pate, Carrot Salad, Assorted Dressings, German Cucumber Salad, Marinated Tomatoes, Mix Greens, Olives, Shrimp Salad, Fusilli Salad, Three Beans Salad",0.5330943,"{'name': np.float32(0.4236975), 'ingredient_1': np.float32(0.53108245), 'ingredient_2': np.float32(0.6050192), 'ingredient_3': np.float32(1.0000006)}"
"('Houston, Texas', 'ukrainian food', 500000)",ChIJtQtmABXDQIYRdimv6mcxXY8,Pork Schnitzel,"Pork Loin, Mushroom Sauce",0.52595466,"{'name': np.float32(0.41989943), 'ingredient_1': np.float32(0.99999994), 'ingredient_2': np.float32(0.48928946), 'ingredient_3': np.float32(0.50319475)}"
"('Houston, Texas', 'ukrainian food', 500000)",ChIJtQtmABXDQIYRdimv6mcxXY8,Beer Pork Schnitzel,"Beer Mustard Sauce, Walnut Breaded Pork Cutlet",0.52449596,"{'name': np.float32(0.41989943), 'ingredient_1': np.float32(0.99999994), 'ingredient_2': np.float32(0.48928946), 'ingredient_3': np.float32(0.50319475)}"
"('Houston, Texas', 'ukrainian food', 500000)",ChIJ2bHd0losR4YRYd_qzxNOiIo,Smoked Salmon with Tvorog & Veggies,"with tvorog cheese, with salted dill, with cherry tomato, with green onion, with smoked salmon",0.5235661,"{'name': np.float32(0.39420635), 'ingredient_1': np.float32(0.50310975), 'ingredient_2': np.float32(0.4997834), 'ingredient_3': np.float32(1.0000004)}"
"('Houston, Texas', 'ukrainian food', 500000)",ChIJ2bHd0losR4YRYd_qzxNOiIo,Ground Beef & Mushrooms,"with mozzarella, with ground beef, cheddar cheese, with sauteed mushrooms",0.5122824,"{'name': np.float32(0.4081288), 'ingredient_1': np.float32(1.0000002), 'ingredient_2': np.float32(0.54039645), 'ingredient_3': np.float32(0.47894266)}"
"('Houston, Texas', 'ukrainian food', 500000)",ChIJ2bHd0losR4YRYd_qzxNOiIo,Garden Salad,"with mixed greens, with cucumbers, with cherry tomato, with shredded carrot, with sweet peppers",0.5122671,"{'name': np.float32(0.39284018), 'ingredient_1': np.float32(0.46921545), 'ingredient_2': np.float32(0.56388843), 'ingredient_3': np.float32(0.9999999)}"
"('Houston, Texas', 'ukrainian food', 500000)",ChIJ2bHd0losR4YRYd_qzxNOiIo,Side Salad,"with mixed greens, with cherry tomato, with shredded carrot",0.5122296,"{'name': np.float32(0.38365513), 'ingredient_1': np.float32(0.46921545), 'ingredient_2': np.float32(0.5581182), 'ingredient_3': np.float32(0.9999999)}"
"('Houston, Texas', 'ukrainian food', 500000)",ChIJ2bHd0losR4YRYd_qzxNOiIo,Grilled Chicken with Veggies,"with cucumber, with ranch dressing, with black olives, with sweet pepper, with mozzarella, cheddar cheese, with cherry tomato, with spinach, with grilled chicken breast",0.5091883,"{'name': np.float32(0.40113384), 'ingredient_1': np.float32(1.0000002), 'ingredient_2': np.float32(0.6050192), 'ingredient_3': np.float32(0.6033549)}"
"('Houston, Texas', 'ukrainian food', 500000)",ChIJtQtmABXDQIYRdimv6mcxXY8,Sauerkraut,,0.5043859,"{'name': 0, 'ingredient_1': 0, 'ingredient_2': 0, 'ingredient_3': 0}"
"('Houston, Texas', 'ukrainian food', 500000)",ChIJ2bHd0losR4YRYd_qzxNOiIo,Grilled Chicken,"with tomato, mayo, choice of white or wheat bread, with pickles, with bacon, mustard, with grilled chicken, with lettuce, choice of mustard or mayo",0.5012732,"{'name': np.float32(0.39533862), 'ingredient_1': np.float32(1.0000002), 'ingredient_2': np.float32(0.58658534), 'ingredient_3': np.float32(0.6033549)}"
"('Houston, Texas', 'ukrainian food', 500000)",ChIJ2bHd0losR4YRYd_qzxNOiIo,Savory Buttered Crepe with Red Salmon Caviar,"with green onion, with red salmon caviar",0.4953485,"{'name': np.float32(0.36677667), 'ingredient_1': np.float32(0.46686226), 'ingredient_2': np.float32(0.4997834), 'ingredient_3': np.float32(1.0000004)}"
"('Houston, Texas', 'ukrainian food', 500000)",ChIJ2bHd0losR4YRYd_qzxNOiIo,Scrambled Egg with Veggies,"with mozzarella, cheddar cheese, with cherry tomato, with green onion, with scrambled eggs, with spinach",0.49297202,"{'name': np.float32(0.38690674), 'ingredient_1': np.float32(0.5647176), 'ingredient_2': np.float32(0.5155607), 'ingredient_3': np.float32(1.0000004)}"
"('Houston, Texas', 'ukrainian food', 500000)",ChIJtQtmABXDQIYRdimv6mcxXY8,Schnitzel Curry,"Pork Loin, Munich Curry Sauce",0.4925722,"{'name': np.float32(0.41989943), 'ingredient_1': np.float32(0.99999994), 'ingredient_2': np.float32(0.48928946), 'ingredient_3': np.float32(0.50319475)}"
"('Houston, Texas', 'ukrainian food', 500000)",ChIJtQtmABXDQIYRdimv6mcxXY8,Schnitzel Mollandaise,"Chicken Schnitzel, Mornay Cheese Sauce, Asparagus",0.49026975,"{'name': np.float32(0.3914198), 'ingredient_1': np.float32(1.0000002), 'ingredient_2': np.float32(0.48317787), 'ingredient_3': np.float32(0.5207863)}"
"('Houston, Texas', 'ukrainian food', 500000)",ChIJ2bHd0losR4YRYd_qzxNOiIo,Grilled Chicken with Feta & Veggies,"with sweet pepper, with feta cheese, with avocado, with spinach, with grilled chicken breast",0.48494467,"{'name': np.float32(0.38690674), 'ingredient_1': np.float32(1.0000002), 'ingredient_2': np.float32(0.5155607), 'ingredient_3': np.float32(0.5269984)}"
"('Houston, Texas', 'ukrainian food', 500000)",ChIJ2bHd0losR4YRYd_qzxNOiIo,Raspberry Walnut Salad,"with cucumber, with walnuts, with raspberries, with shredded carrot, with raspberry walnut vinaigrette, with spinach",0.48354137,"{'name': np.float32(0.40113384), 'ingredient_1': np.float32(0.44666326), 'ingredient_2': np.float32(0.6050192), 'ingredient_3': np.float32(0.9999999)}"
"('Houston, Texas', 'ukrainian food', 500000)",ChIJtQtmABXDQIYRdimv6mcxXY8,Hamburger,"Onions, French Fries, Tomato, Lettuce, Kaiser Roll",0.48241806,"{'name': np.float32(0.39336187), 'ingredient_1': np.float32(0.46921545), 'ingredient_2': np.float32(0.58658534), 'ingredient_3': np.float32(0.8195257)}"
"('Houston, Texas', 'ukrainian food', 500000)",ChIJ2bHd0losR4YRYd_qzxNOiIo,Scrambled Egg with Ground Beef,"with ground beef, with mozzarella, cheddar cheese, with cherry tomato, with sweet peppers, with scrambled eggs, with spinach",0.48186353,"{'name': np.float32(0.4081288), 'ingredient_1': np.float32(1.0000002), 'ingredient_2': np.float32(0.54039645), 'ingredient_3': np.float32(0.6033549)}"
"('Houston, Texas', 'ukrainian food', 500000)",ChIJ2bHd0losR4YRYd_qzxNOiIo,Scrambled Egg with Salmon & Feta,"with green onion, with scrambled eggs, with smoked salmon, with feta cheese",0.48100623,"{'name': np.float32(0.35713923), 'ingredient_1': np.float32(0.5647176), 'ingredient_2': np.float32(0.4997834), 'ingredient_3': np.float32(1.0000004)}"
"('Houston, Texas', 'ukrainian food', 500000)",ChIJtQtmABXDQIYRdimv6mcxXY8,Mini German Meat Balls,onion sauce,0.48009625,"{'name': np.float32(0.39741224), 'ingredient_1': np.float32(0.41303632), 'ingredient_2': np.float32(0.4997834), 'ingredient_3': np.float32(1.0000004)}"
"('Houston, Texas', 'ukrainian food', 500000)",ChIJ2bHd0losR4YRYd_qzxNOiIo,Ground Beef with Jalapenos & Salsa,"with pickled jalapenos, with salsa, with ground beef, with mozzarella, cheddar cheese, with cilantro",0.47729087,"{'name': np.float32(0.4081288), 'ingredient_1': np.float32(1.0000002), 'ingredient_2': np.float32(0.54039645), 'ingredient_3': np.float32(0.47894266)}"
"('Houston, Texas', 'ukrainian food', 500000)",ChIJtQtmABXDQIYRdimv6mcxXY8,Paris Schnitzel,"Ham, Pork Loin, Swiss Cheese",0.47532243,"{'name': np.float32(0.41989943), 'ingredient_1': np.float32(0.99999994), 'ingredient_2': np.float32(0.48928946), 'ingredient_3': np.float32(0.50319475)}"
"('Houston, Texas', 'ukrainian food', 500000)",ChIJtQtmABXDQIYRdimv6mcxXY8,Schnitzel Jalapeno,"Pork Loin, Homemade Jalapeno Sauce",0.47435918,"{'name': np.float32(0.41989943), 'ingredient_1': np.float32(0.99999994), 'ingredient_2': np.float32(0.48928946), 'ingredient_3': np.float32(0.50319475)}"
"('Houston, Texas', 'ukrainian food', 500000)",ChIJtQtmABXDQIYRdimv6mcxXY8,Kaesespaetzle,"Viennese Fried Onions, German Style Macaroni, Three Cheeses",0.4738124,"{'name': np.float32(0.39336187), 'ingredient_1': np.float32(0.48196203), 'ingredient_2': np.float32(0.5253202), 'ingredient_3': np.float32(0.8195257)}"
"('Houston, Texas', 'ukrainian food', 500000)",ChIJ2bHd0losR4YRYd_qzxNOiIo,Grilled Chicken with Mushrooms,"with sweet pepper, with mozzarella, cheddar cheese, with sautéed mushrooms, with spinach, with grilled chicken breast",0.47338283,"{'name': np.float32(0.38690674), 'ingredient_1': np.float32(1.0000002), 'ingredient_2': np.float32(0.5155607), 'ingredient_3': np.float32(0.5207863)}"
"('Houston, Texas', 'ukrainian food', 500000)",ChIJ2bHd0losR4YRYd_qzxNOiIo,Scrambled Egg with Bacon,"with mozzarella, cheddar cheese, with bacon, with green onion, with scrambled eggs",0.47234976,"{'name': np.float32(0.35713923), 'ingredient_1': np.float32(0.592296), 'ingredient_2': np.float32(0.4997834), 'ingredient_3': np.float32(1.0000004)}"
"('Houston, Texas', 'ukrainian food', 500000)",ChIJ2bHd0losR4YRYd_qzxNOiIo,BLT,"with pickle, with tomato, choice of white or wheat bread, with bacon, with lettuce, choice of mustard or mayo",0.47125834,"{'name': np.float32(0.39533862), 'ingredient_1': np.float32(0.592296), 'ingredient_2': np.float32(0.58658534), 'ingredient_3': np.float32(0.6033549)}"
"('Houston, Texas', 'ukrainian food', 500000)",ChIJtQtmABXDQIYRdimv6mcxXY8,Rosemary Herbed Half Roasted Chicken,"Mixed Veggies, Mashed Potato",0.4691236,"{'name': np.float32(0.39824077), 'ingredient_1': np.float32(0.5207863), 'ingredient_2': np.float32(0.52980065), 'ingredient_3': np.float32(1.0000006)}"
"('Houston, Texas', 'ukrainian food', 500000)",ChIJ2bHd0losR4YRYd_qzxNOiIo,Grilled Chicken Salad,"on a garden salad, with grilled chicken breast",0.46894655,"{'name': np.float32(0.42294335), 'ingredient_1': np.float32(1.0000002), 'ingredient_2': np.float32(0.5313208), 'ingredient_3': np.float32(0.5207863)}"
"('Houston, Texas', 'ukrainian food', 500000)",ChIJtQtmABXDQIYRdimv6mcxXY8,Currywurst,"Tomato Curry Sauce, Sliced Knackwurst Sausage",0.46445304,"{'name': np.float32(0.38365513), 'ingredient_1': np.float32(0.56364155), 'ingredient_2': np.float32(0.4998961), 'ingredient_3': np.float32(0.6033549)}"
"('Houston, Texas', 'ukrainian food', 500000)",ChIJtQtmABXDQIYRdimv6mcxXY8,Cabbage Rolls,,0.4640038,"{'name': 0, 'ingredient_1': 0, 'ingredient_2': 0, 'ingredient_3': 0}"
"('Houston, Texas', 'ukrainian food', 500000)",ChIJ2bHd0losR4YRYd_qzxNOiIo,Hamburger Pizza Crepe,"with mozzarella cheese, with ground beef, with pizza sauce",0.4624797,"{'name': np.float32(0.4081288), 'ingredient_1': np.float32(1.0000002), 'ingredient_2': np.float32(0.54039645), 'ingredient_3': np.float32(0.47894266)}"
"('Houston, Texas', 'ukrainian food', 500000)",ChIJtQtmABXDQIYRdimv6mcxXY8,Soup of the Day,,0.46108592,"{'name': 0, 'ingredient_1': 0, 'ingredient_2': 0, 'ingredient_3': 0}"
"('Houston, Texas', 'ukrainian food', 500000)",ChIJtQtmABXDQIYRdimv6mcxXY8,Red Cabbage,,0.45667645,"{'name': 0, 'ingredient_1': 0, 'ingredient_2': 0, 'ingredient_3': 0}"
"('Houston, Texas', 'ukrainian food', 500000)",ChIJtQtmABXDQIYRdimv6mcxXY8,Stuffed Cabbage Rolls,Sauerkraut,0.45336506,"{'name': np.float32(0.5043859), 'ingredient_1': np.float32(0.38583386), 'ingredient_2': np.float32(0.65379393), 'ingredient_3': np.float32(0.3922047)}"
"('Houston, Texas', 'ukrainian food', 500000)",ChIJtQtmABXDQIYRdimv6mcxXY8,Schnitzel Hawaii,"Pork Loin, Tangy Pineapple Sauce",0.4528262,"{'name': np.float32(0.41989943), 'ingredient_1': np.float32(0.99999994), 'ingredient_2': np.float32(0.48928946), 'ingredient_3': np.float32(0.50319475)}"
"('Houston, Texas', 'ukrainian food', 500000)",ChIJtQtmABXDQIYRdimv6mcxXY8,Grilled Salmon,"Mashed Potatoes, Mixed Veggies",0.45106077,"{'name': np.float32(0.39824077), 'ingredient_1': np.float32(0.50619066), 'ingredient_2': np.float32(0.52845705), 'ingredient_3': np.float32(0.8266106)}"
"('Houston, Texas', 'ukrainian food', 500000)",ChIJ2bHd0losR4YRYd_qzxNOiIo,Grilled Chicken with Jalapenos & Salsa,"with pickled jalapenos, with salsa, with mozzarella, cheddar cheese, with cilantro, with grilled chicken breast",0.44916782,"{'name': np.float32(0.3947469), 'ingredient_1': np.float32(1.0000002), 'ingredient_2': np.float32(0.48317787), 'ingredient_3': np.float32(0.5207863)}"
"('Houston, Texas', 'ukrainian food', 500000)",ChIJtQtmABXDQIYRdimv6mcxXY8,Smoked Salmon Sandwich,"French Fries, Onions, Capers, Cream Cheese, Kaiser Roll",0.44515878,"{'name': np.float32(0.39336187), 'ingredient_1': np.float32(0.50310975), 'ingredient_2': np.float32(0.5253202), 'ingredient_3': np.float32(0.8195257)}"
"('Houston, Texas', 'ukrainian food', 500000)",ChIJ2bHd0losR4YRYd_qzxNOiIo,Sliced Meat with Feta & Veggies,"with turkey, with black olives, with feta cheese, ham, with cherry tomato",0.44327432,"{'name': np.float32(0.38365513), 'ingredient_1': np.float32(0.5506674), 'ingredient_2': np.float32(0.49245858), 'ingredient_3': np.float32(0.6033549)}"
"('Houston, Texas', 'ukrainian food', 500000)",ChIJtQtmABXDQIYRdimv6mcxXY8,Beer Schnitzel,,0.44128156,"{'name': 0, 'ingredient_1': 0, 'ingredient_2': 0, 'ingredient_3': 0}"
"('Houston, Texas', 'ukrainian food', 500000)",ChIJtQtmABXDQIYRdimv6mcxXY8,Smoked Salmon Latkes,"Sour Cream, Onions, Capers",0.440874,"{'name': np.float32(0.4313128), 'ingredient_1': np.float32(0.4357659), 'ingredient_2': np.float32(0.5253202), 'ingredient_3': np.float32(0.8195257)}"
"('Houston, Texas', 'ukrainian food', 500000)",ChIJ2bHd0losR4YRYd_qzxNOiIo,Build Your Own Savory Crepe (Blini),"with your choice of cheese, meat, veggies",0.43648615,"{'name': np.float32(0.39824077), 'ingredient_1': np.float32(0.64316726), 'ingredient_2': np.float32(0.52845705), 'ingredient_3': np.float32(0.49022812)}"
"('Houston, Texas', 'ukrainian food', 500000)",ChIJ2bHd0losR4YRYd_qzxNOiIo,Sliced Meat,"with pickle, with tomato, choice of cheese, choice of white or wheat bread, choice of ham or turkey, with lettuce, choice of mustard or mayo",0.43308917,"{'name': np.float32(0.39533862), 'ingredient_1': np.float32(0.5506674), 'ingredient_2': np.float32(0.58658534), 'ingredient_3': np.float32(0.6033549)}"
"('Houston, Texas', 'ukrainian food', 500000)",ChIJ2bHd0losR4YRYd_qzxNOiIo,Tvorog,"butter, served with whole grain toast, jelly, homemade ricotta cheese",0.43262705,"{'name': np.float32(0.34660876), 'ingredient_1': np.float32(0.50310975), 'ingredient_2': np.float32(0.43109083), 'ingredient_3': np.float32(0.47894266)}"
"('Houston, Texas', 'ukrainian food', 500000)",ChIJ2bHd0losR4YRYd_qzxNOiIo,Sliced Meat with Veggies,"with turkey, with sweet pepper, with mozzarella, cheddar cheese, ham, with avocado, with spinach",0.43223637,"{'name': np.float32(0.38690674), 'ingredient_1': np.float32(0.5506674), 'ingredient_2': np.float32(0.5155607), 'ingredient_3': np.float32(0.5269984)}"
"('Houston, Texas', 'ukrainian food', 500000)",ChIJ2bHd0losR4YRYd_qzxNOiIo,Russian Sodas,,0.4314803,"{'name': 0, 'ingredient_1': 0, 'ingredient_2': 0, 'ingredient_3': 0}"
"('Houston, Texas', 'ukrainian food', 500000)",ChIJ2bHd0losR4YRYd_qzxNOiIo,Chef Salad,"on a garden salad, with crumbled bacon, turkey, sliced ham",0.42989177,"{'name': np.float32(0.42294335), 'ingredient_1': np.float32(0.592296), 'ingredient_2': np.float32(0.5313208), 'ingredient_3': np.float32(0.48288018)}"
"('Houston, Texas', 'ukrainian food', 500000)",ChIJ2bHd0losR4YRYd_qzxNOiIo,"Smoked Salmon, Cream Cheese & Cucumber","with cucumber, with cream cheese, with smoked salmon",0.4255994,"{'name': np.float32(0.40113384), 'ingredient_1': np.float32(0.50310975), 'ingredient_2': np.float32(0.6050192), 'ingredient_3': np.float32(0.5699147)}"
"('Houston, Texas', 'ukrainian food', 500000)",ChIJ2bHd0losR4YRYd_qzxNOiIo,Hawaiian Pizza Crepe,"with pineapple, with mozzarella cheese, with grilled chicken, with pizza sauce",0.4247606,"{'name': np.float32(0.37442318), 'ingredient_1': np.float32(1.0000002), 'ingredient_2': np.float32(0.48317787), 'ingredient_3': np.float32(0.5207863)}"
"('Houston, Texas', 'ukrainian food', 500000)",ChIJtQtmABXDQIYRdimv6mcxXY8,Potato Pancakes,"Sour Cream, Apple Sauce, Appel sauce, Latke",0.42450947,"{'name': np.float32(0.4313128), 'ingredient_1': np.float32(0.41303632), 'ingredient_2': np.float32(0.3912851), 'ingredient_3': np.float32(0.5005928)}"
"('Houston, Texas', 'ukrainian food', 500000)",ChIJtQtmABXDQIYRdimv6mcxXY8,SOUP & SALAD BAR,,0.4227972,"{'name': 0, 'ingredient_1': 0, 'ingredient_2': 0, 'ingredient_3': 0}"
"('Houston, Texas', 'ukrainian food', 500000)",ChIJ2bHd0losR4YRYd_qzxNOiIo,Sliced Meat with Mushrooms,"with turkey, with mozzarella, cheddar cheese, with sautéed mushrooms, ham, with spinach",0.42110515,"{'name': np.float32(0.38690674), 'ingredient_1': np.float32(0.5506674), 'ingredient_2': np.float32(0.5155607), 'ingredient_3': np.float32(0.47894266)}"
"('Houston, Texas', 'ukrainian food', 500000)",ChIJtQtmABXDQIYRdimv6mcxXY8,Whole Idaho Trout,"Mixed Veggies, Austrian Potatoes",0.42019323,"{'name': np.float32(0.39824077), 'ingredient_1': np.float32(0.50619066), 'ingredient_2': np.float32(0.52845705), 'ingredient_3': np.float32(0.8266106)}"
"('Houston, Texas', 'ukrainian food', 500000)",ChIJ2bHd0losR4YRYd_qzxNOiIo,Greek Salad,"with black olives, with oregano, with feta cheese, with mixed greens, with cucumbers, with sweet peppers, with Greek dressing",0.4176431,"{'name': np.float32(0.39284018), 'ingredient_1': np.float32(0.50310975), 'ingredient_2': np.float32(0.56388843), 'ingredient_3': np.float32(0.47894266)}"
"('Houston, Texas', 'ukrainian food', 500000)",ChIJ2bHd0losR4YRYd_qzxNOiIo,Smoked Salmon & Veggies,"with black olives, with spinach, with cream, with avocado, with smoked salmon",0.41712222,"{'name': np.float32(0.38690674), 'ingredient_1': np.float32(0.46686226), 'ingredient_2': np.float32(0.5155607), 'ingredient_3': np.float32(0.5269984)}"
"('Houston, Texas', 'ukrainian food', 500000)",ChIJ2bHd0losR4YRYd_qzxNOiIo,Grechka Porridge (Whole Grain Buckwheat),,0.41531828,"{'name': 0, 'ingredient_1': 0, 'ingredient_2': 0, 'ingredient_3': 0}"
"('Houston, Texas', 'ukrainian food', 500000)",ChIJtQtmABXDQIYRdimv6mcxXY8,French Onion Soup,,0.4148069,"{'name': 0, 'ingredient_1': 0, 'ingredient_2': 0, 'ingredient_3': 0}"
"('Houston, Texas', 'ukrainian food', 500000)",ChIJtQtmABXDQIYRdimv6mcxXY8,Assorted Breads,"Zucchini, French Rolls",0.4125901,"{'name': np.float32(0.40935782), 'ingredient_1': np.float32(0.4670797), 'ingredient_2': np.float32(0.537503), 'ingredient_3': np.float32(0.5160018)}"
"('Houston, Texas', 'ukrainian food', 500000)",ChIJ2bHd0losR4YRYd_qzxNOiIo,Kvas,,0.40592122,"{'name': 0, 'ingredient_1': 0, 'ingredient_2': 0, 'ingredient_3': 0}"
"('Houston, Texas', 'ukrainian food', 500000)",ChIJ2bHd0losR4YRYd_qzxNOiIo,Scrambled Egg with Shrimp,"with boiled shrimp, with cucumber, with scrambled eggs, with feta cheese",0.4033919,"{'name': np.float32(0.4084699), 'ingredient_1': np.float32(0.5647176), 'ingredient_2': np.float32(0.6050192), 'ingredient_3': np.float32(0.5699147)}"
"('Houston, Texas', 'ukrainian food', 500000)",ChIJtQtmABXDQIYRdimv6mcxXY8,Chicken Noodle Soup,,0.4017848,"{'name': 0, 'ingredient_1': 0, 'ingredient_2': 0, 'ingredient_3': 0}"
"('Houston, Texas', 'ukrainian food', 500000)",ChIJ2bHd0losR4YRYd_qzxNOiIo,Cream Cheese & Berries,"mixed berries, with cream cheese, with any berry puree, with any berry",0.40065786,"{'name': np.float32(0.38561317), 'ingredient_1': np.float32(0.50310975), 'ingredient_2': np.float32(0.48350087), 'ingredient_3': np.float32(0.47894266)}"
"('Houston, Texas', 'ukrainian food', 500000)",ChIJtQtmABXDQIYRdimv6mcxXY8,Chicken Schnitzel,Mushroom Sauce,0.39961615,"{'name': np.float32(0.37442318), 'ingredient_1': np.float32(0.44444004), 'ingredient_2': np.float32(0.45536062), 'ingredient_3': np.float32(0.49205005)}"
"('Houston, Texas', 'ukrainian food', 500000)",ChIJ2bHd0losR4YRYd_qzxNOiIo,Cheese & Mushrooms,"with mozzarella, with sauteed mushrooms, cheddar cheese",0.39872915,"{'name': np.float32(0.35966265), 'ingredient_1': np.float32(0.50310975), 'ingredient_2': np.float32(0.45110962), 'ingredient_3': np.float32(0.47894266)}"
"('Houston, Texas', 'ukrainian food', 500000)",ChIJtQtmABXDQIYRdimv6mcxXY8,Jr Hamburger,"French Fries, Pickle, Tomato, Lettuce, Cheddar Cheese",0.3968718,"{'name': np.float32(0.38365513), 'ingredient_1': np.float32(0.50310975), 'ingredient_2': np.float32(0.58658534), 'ingredient_3': np.float32(0.6033549)}"
"('Houston, Texas', 'ukrainian food', 500000)",ChIJtQtmABXDQIYRdimv6mcxXY8,Grilled Sausage Sampler,"Sauerkraut, Assorted Sausages, German Mustard",0.39481765,"{'name': np.float32(0.5043859), 'ingredient_1': np.float32(0.4847545), 'ingredient_2': np.float32(0.65379393), 'ingredient_3': np.float32(0.46717313)}"
"('Houston, Texas', 'ukrainian food', 500000)",ChIJtQtmABXDQIYRdimv6mcxXY8,Assorted Grilled & Sliced Sausages,"Polish Sausage, German Mustard, Bratwurst, Knackwurst",0.39474592,"{'name': np.float32(0.4333989), 'ingredient_1': np.float32(0.56364155), 'ingredient_2': np.float32(0.4998961), 'ingredient_3': np.float32(0.46717313)}"
"('Houston, Texas', 'ukrainian food', 500000)",ChIJtQtmABXDQIYRdimv6mcxXY8,Bratwurst|Knackwurst|Polish Sausage Sampler,German Mustard,0.39406997,"{'name': np.float32(0.3571416), 'ingredient_1': np.float32(0.3920244), 'ingredient_2': np.float32(0.4464953), 'ingredient_3': np.float32(0.46717313)}"
"('Houston, Texas', 'ukrainian food', 500000)",ChIJ2bHd0losR4YRYd_qzxNOiIo,Berries & Chocolate Sauce,"mixed berries, with chocolate sauce, with Mila's homemade whipped cream, with any berry",0.38998917,"{'name': np.float32(0.38561317), 'ingredient_1': np.float32(0.46521816), 'ingredient_2': np.float32(0.48350087), 'ingredient_3': np.float32(0.44361573)}"
"('Houston, Texas', 'ukrainian food', 500000)",ChIJ2bHd0losR4YRYd_qzxNOiIo,Berries With Puree,"mixed berries, with any berry puree, with Mila's homemade whipped cream, with any berry",0.38972145,"{'name': np.float32(0.38561317), 'ingredient_1': np.float32(0.39104962), 'ingredient_2': np.float32(0.48350087), 'ingredient_3': np.float32(0.42030406)}"
"('Houston, Texas', 'ukrainian food', 500000)",ChIJtQtmABXDQIYRdimv6mcxXY8,Jaeger Veal Schnitzel,"Hunter Mushrooms Sauce, Veal Cutlet",0.38935316,"{'name': np.float32(0.37442318), 'ingredient_1': np.float32(0.51205385), 'ingredient_2': np.float32(0.45110962), 'ingredient_3': np.float32(0.44361573)}"
"('Houston, Texas', 'ukrainian food', 500000)",ChIJ2bHd0losR4YRYd_qzxNOiIo,Handmade Vareniki (vah-ren-ikee),with sour cream,0.38922006,"{'name': np.float32(0.46995574), 'ingredient_1': np.float32(0.3669363), 'ingredient_2': np.float32(0.37754586), 'ingredient_3': np.float32(0.45144528)}"
"('Houston, Texas', 'ukrainian food', 500000)",ChIJ2bHd0losR4YRYd_qzxNOiIo,Veggie Pizza Crepe,"with pizza sauce, with black olives, with sweet pepper, with sautéed mushrooms, with mozzarella cheese, with spinach",0.38699776,"{'name': np.float32(0.38690674), 'ingredient_1': np.float32(0.50310975), 'ingredient_2': np.float32(0.5155607), 'ingredient_3': np.float32(0.47894266)}"
"('Houston, Texas', 'ukrainian food', 500000)",ChIJ2bHd0losR4YRYd_qzxNOiIo,Grilled Cheese,"choice of white or wheat bread, choice of cheese",0.38518733,"{'name': np.float32(0.35065675), 'ingredient_1': np.float32(0.50310975), 'ingredient_2': np.float32(0.45216852), 'ingredient_3': np.float32(0.47894266)}"
"('Houston, Texas', 'ukrainian food', 500000)",ChIJ2bHd0losR4YRYd_qzxNOiIo,Handmade Cheburek,with dipping sauce,0.3835185,"{'name': np.float32(0.37442318), 'ingredient_1': np.float32(0.41303632), 'ingredient_2': np.float32(0.36070555), 'ingredient_3': np.float32(0.44361573)}"
"('Houston, Texas', 'ukrainian food', 500000)",ChIJtQtmABXDQIYRdimv6mcxXY8,Kinder Kaesespaetzle,"German Style Macaroni, Three Cheeses",0.38273436,"{'name': np.float32(0.31177145), 'ingredient_1': np.float32(0.46023363), 'ingredient_2': np.float32(0.3923586), 'ingredient_3': np.float32(0.45959333)}"
"('Houston, Texas', 'ukrainian food', 500000)",ChIJtQtmABXDQIYRdimv6mcxXY8,Grilled Chicken Sandwich,"Kaiser roll, French Fries, Tomato, Mustard, Lettuce, Mayo",0.3791966,"{'name': np.float32(0.38365513), 'ingredient_1': np.float32(0.46921545), 'ingredient_2': np.float32(0.58658534), 'ingredient_3': np.float32(0.6033549)}"
"('Houston, Texas', 'ukrainian food', 500000)",ChIJ2bHd0losR4YRYd_qzxNOiIo,Handmade Pelmeni (pell-mean-ee),with choice of dipping sauce,0.37551916,"{'name': np.float32(0.37442318), 'ingredient_1': np.float32(0.41303632), 'ingredient_2': np.float32(0.36070555), 'ingredient_3': np.float32(0.44361573)}"
"('Houston, Texas', 'ukrainian food', 500000)",ChIJ2bHd0losR4YRYd_qzxNOiIo,Lemonade,,0.37256667,"{'name': 0, 'ingredient_1': 0, 'ingredient_2': 0, 'ingredient_3': 0}"
"('Houston, Texas', 'ukrainian food', 500000)",ChIJtQtmABXDQIYRdimv6mcxXY8,Lemonade,,0.37256667,"{'name': 0, 'ingredient_1': 0, 'ingredient_2': 0, 'ingredient_3': 0}"
"('Houston, Texas', 'ukrainian food', 500000)",ChIJ2bHd0losR4YRYd_qzxNOiIo,Orange Raspberry,"with orange preserves, with raspberries, with caramel, chocolate sauce",0.3721419,"{'name': np.float32(0.37442318), 'ingredient_1': np.float32(0.46521816), 'ingredient_2': np.float32(0.36401635), 'ingredient_3': np.float32(0.45684567)}"
"('Houston, Texas', 'ukrainian food', 500000)",ChIJ2bHd0losR4YRYd_qzxNOiIo,Chocolate Cherry,"with Ghirardelli chocolate sauce, with fresh cherries, with Mila's homemade whipped cream",0.36915153,"{'name': np.float32(0.37442318), 'ingredient_1': np.float32(0.46521816), 'ingredient_2': np.float32(0.37255937), 'ingredient_3': np.float32(0.44361573)}"
"('Houston, Texas', 'ukrainian food', 500000)",ChIJtQtmABXDQIYRdimv6mcxXY8,Mini Chicken Schnitzel,Mushroom sauce,0.3682729,"{'name': np.float32(0.37442318), 'ingredient_1': np.float32(0.44444004), 'ingredient_2': np.float32(0.45536062), 'ingredient_3': np.float32(0.49205005)}"
"('Houston, Texas', 'ukrainian food', 500000)",ChIJ2bHd0losR4YRYd_qzxNOiIo,Medovik - Russian Honey Cake,,0.36721027,"{'name': 0, 'ingredient_1': 0, 'ingredient_2': 0, 'ingredient_3': 0}"
"('Houston, Texas', 'ukrainian food', 500000)",ChIJ2bHd0losR4YRYd_qzxNOiIo,Thick Caramel With Berries & Nuts,"mixed nuts, with any berry, mixed berries, with any nut, with thick milk caramel",0.3667091,"{'name': np.float32(0.38561317), 'ingredient_1': np.float32(0.43538135), 'ingredient_2': np.float32(0.48350087), 'ingredient_3': np.float32(0.45684567)}"
"('Houston, Texas', 'ukrainian food', 500000)",ChIJ2bHd0losR4YRYd_qzxNOiIo,Caramel Pears,"with cream cheese, with Mila's homemade whipped cream, with almonds, with soft pears, with caramel sauce",0.36455205,"{'name': np.float32(0.37442318), 'ingredient_1': np.float32(0.50310975), 'ingredient_2': np.float32(0.43109083), 'ingredient_3': np.float32(0.47894266)}"
"('Houston, Texas', 'ukrainian food', 500000)",ChIJtQtmABXDQIYRdimv6mcxXY8,Original Veal Wiener Schnitzel,Veal Cutlet,0.36448365,"{'name': np.float32(0.3437944), 'ingredient_1': np.float32(0.51205385), 'ingredient_2': np.float32(0.42850518), 'ingredient_3': np.float32(0.41480604)}"
"('Houston, Texas', 'ukrainian food', 500000)",ChIJ2bHd0losR4YRYd_qzxNOiIo,Oatmeal,,0.35758686,"{'name': 0, 'ingredient_1': 0, 'ingredient_2': 0, 'ingredient_3': 0}"
"('Houston, Texas', 'ukrainian food', 500000)",ChIJtQtmABXDQIYRdimv6mcxXY8,Hofbrau Dunkel,"Spice, Caramel, Treacle, Rich Dark Color, Golden Toffee",0.35705876,"{'name': np.float32(0.27572113), 'ingredient_1': np.float32(0.35674006), 'ingredient_2': np.float32(0.36380804), 'ingredient_3': np.float32(0.45684567)}"
"('Houston, Texas', 'ukrainian food', 500000)",ChIJ2bHd0losR4YRYd_qzxNOiIo,Orange Juice,,0.35606176,"{'name': 0, 'ingredient_1': 0, 'ingredient_2': 0, 'ingredient_3': 0}"
"('Houston, Texas', 'ukrainian food', 500000)",ChIJ2bHd0losR4YRYd_qzxNOiIo,Cheese Pizza Crepe,"with mozzarella cheese, with pizza sauce",0.35430005,"{'name': np.float32(0.37442318), 'ingredient_1': np.float32(0.50310975), 'ingredient_2': np.float32(0.43109083), 'ingredient_3': np.float32(0.47894266)}"
"('Houston, Texas', 'ukrainian food', 500000)",ChIJ2bHd0losR4YRYd_qzxNOiIo,Smores,"with marshmallows, with graham crackers, with Mila's homemade whipped cream, with chocolate sauce",0.35192186,"{'name': np.float32(0.37442318), 'ingredient_1': np.float32(0.46521816), 'ingredient_2': np.float32(0.3854646), 'ingredient_3': np.float32(0.44361573)}"
"('Houston, Texas', 'ukrainian food', 500000)",ChIJ2bHd0losR4YRYd_qzxNOiIo,Crepe With Any Berry Puree,fresh sweet berry puree,0.35144937,"{'name': np.float32(0.3776902), 'ingredient_1': np.float32(0.39104962), 'ingredient_2': np.float32(0.44251359), 'ingredient_3': np.float32(0.42030406)}"
"('Houston, Texas', 'ukrainian food', 500000)",ChIJ2bHd0losR4YRYd_qzxNOiIo,Nutella With Berries,"mixed berries, with Nutella, with any berry",0.34929347,"{'name': np.float32(0.38561317), 'ingredient_1': np.float32(0.37624037), 'ingredient_2': np.float32(0.48350087), 'ingredient_3': np.float32(0.35533887)}"
"('Houston, Texas', 'ukrainian food', 500000)",ChIJ2bHd0losR4YRYd_qzxNOiIo,Build Your Own Sweet Crepe (Blini),"nuts, toppings, with your choice of fruits",0.34791213,"{'name': np.float32(0.3074994), 'ingredient_1': np.float32(0.40081942), 'ingredient_2': np.float32(0.39496905), 'ingredient_3': np.float32(0.44121867)}"
"('Houston, Texas', 'ukrainian food', 500000)",ChIJtQtmABXDQIYRdimv6mcxXY8,Chicken Tenders,French Fries,0.34725717,"{'name': np.float32(0.31021014), 'ingredient_1': np.float32(0.4664516), 'ingredient_2': np.float32(0.374851), 'ingredient_3': np.float32(0.5221751)}"
"('Houston, Texas', 'ukrainian food', 500000)",ChIJ2bHd0losR4YRYd_qzxNOiIo,Hot Chocolate,,0.34721017,"{'name': 0, 'ingredient_1': 0, 'ingredient_2': 0, 'ingredient_3': 0}"
"('Houston, Texas', 'ukrainian food', 500000)",ChIJtQtmABXDQIYRdimv6mcxXY8,Butterscotch,,0.34694776,"{'name': 0, 'ingredient_1': 0, 'ingredient_2': 0, 'ingredient_3': 0}"
"('Houston, Texas', 'ukrainian food', 500000)",ChIJ2bHd0losR4YRYd_qzxNOiIo,Pepperoni Pizza Crepe,"with mozzarella cheese, with pizza sauce, with pepperoni",0.34622967,"{'name': np.float32(0.37442318), 'ingredient_1': np.float32(0.50310975), 'ingredient_2': np.float32(0.43109083), 'ingredient_3': np.float32(0.47894266)}"
"('Houston, Texas', 'ukrainian food', 500000)",ChIJtQtmABXDQIYRdimv6mcxXY8,Fresh Pretzel,Bavarian Sweet Mustard,0.34508425,"{'name': np.float32(0.3571416), 'ingredient_1': np.float32(0.3920244), 'ingredient_2': np.float32(0.4464953), 'ingredient_3': np.float32(0.46717313)}"
"('Houston, Texas', 'ukrainian food', 500000)",ChIJtQtmABXDQIYRdimv6mcxXY8,Zucchini Bread,,0.3448773,"{'name': 0, 'ingredient_1': 0, 'ingredient_2': 0, 'ingredient_3': 0}"
"('Houston, Texas', 'ukrainian food', 500000)",ChIJ2bHd0losR4YRYd_qzxNOiIo,Oreo,"with Oreo cookies, with scoops of vanilla ice cream, with chocolate syrup",0.34362748,"{'name': np.float32(0.34502774), 'ingredient_1': np.float32(0.46521816), 'ingredient_2': np.float32(0.33748072), 'ingredient_3': np.float32(0.42638767)}"
"('Houston, Texas', 'ukrainian food', 500000)",ChIJtQtmABXDQIYRdimv6mcxXY8,BERGER Zweiggelt,"Lower Austria, Red Table Dry Wine",0.34352463,"{'name': np.float32(0.2933339), 'ingredient_1': np.float32(0.32112205), 'ingredient_2': np.float32(0.41330957), 'ingredient_3': np.float32(0.3739382)}"
"('Houston, Texas', 'ukrainian food', 500000)",ChIJ2bHd0losR4YRYd_qzxNOiIo,Greek Yogurt With Pears & Caramel,"with caramel sauce, with Greek yogurt, with soft pears",0.34350616,"{'name': np.float32(0.40046215), 'ingredient_1': np.float32(0.41303632), 'ingredient_2': np.float32(0.37710643), 'ingredient_3': np.float32(0.45684567)}"
"('Houston, Texas', 'ukrainian food', 500000)",ChIJtQtmABXDQIYRdimv6mcxXY8,Paulaner Hefe-Weizen,"Cloudy, Mango, Aromas, Pineapple, Unfiltered Wheat Beer, Banana",0.34343415,"{'name': np.float32(0.32135057), 'ingredient_1': np.float32(0.43643165), 'ingredient_2': np.float32(0.45216852), 'ingredient_3': np.float32(0.4648028)}"
"('Houston, Texas', 'ukrainian food', 500000)",ChIJtQtmABXDQIYRdimv6mcxXY8,Black Forest Cake,,0.34327418,"{'name': 0, 'ingredient_1': 0, 'ingredient_2': 0, 'ingredient_3': 0}"
"('Houston, Texas', 'ukrainian food', 500000)",ChIJtQtmABXDQIYRdimv6mcxXY8,Merlot Cupcake,"Supple Tannins, Cherry, Vanilla, Cassis Aroma",0.3430333,"{'name': np.float32(0.32822323), 'ingredient_1': np.float32(0.39156395), 'ingredient_2': np.float32(0.41551304), 'ingredient_3': np.float32(0.42030096)}"
"('Houston, Texas', 'ukrainian food', 500000)",ChIJ2bHd0losR4YRYd_qzxNOiIo,Iced Tea,Sweet,0.3418859,"{'name': np.float32(0.24981365), 'ingredient_1': np.float32(0.32460654), 'ingredient_2': np.float32(0.36323065), 'ingredient_3': np.float32(0.34200954)}"
"('Houston, Texas', 'ukrainian food', 500000)",ChIJ2bHd0losR4YRYd_qzxNOiIo,Milk,,0.34056258,"{'name': 0, 'ingredient_1': 0, 'ingredient_2': 0, 'ingredient_3': 0}"
"('Houston, Texas', 'ukrainian food', 500000)",ChIJ2bHd0losR4YRYd_qzxNOiIo,Handmade Russian Baklava,,0.34051248,"{'name': 0, 'ingredient_1': 0, 'ingredient_2': 0, 'ingredient_3': 0}"
"('Houston, Texas', 'ukrainian food', 500000)",ChIJtQtmABXDQIYRdimv6mcxXY8,Iced Tea,,0.34048957,"{'name': 0, 'ingredient_1': 0, 'ingredient_2': 0, 'ingredient_3': 0}"
"('Houston, Texas', 'ukrainian food', 500000)",ChIJ2bHd0losR4YRYd_qzxNOiIo,Apricot Crepe,"with toasted coconut, with Mila's homemade whipped cream, with fresh apricots, with thick milk caramel, with caramel sauce",0.33981353,"{'name': np.float32(0.37442318), 'ingredient_1': np.float32(0.43538135), 'ingredient_2': np.float32(0.40369126), 'ingredient_3': np.float32(0.46137106)}"
"('Houston, Texas', 'ukrainian food', 500000)",ChIJtQtmABXDQIYRdimv6mcxXY8,Shiraz Lindeman’s,"Dark Berries, Spicy Note",0.33911264,"{'name': np.float32(0.38561317), 'ingredient_1': np.float32(0.42613655), 'ingredient_2': np.float32(0.48350087), 'ingredient_3': np.float32(0.399585)}"
"('Houston, Texas', 'ukrainian food', 500000)",ChIJtQtmABXDQIYRdimv6mcxXY8,Austrian Potatoes,,0.33846796,"{'name': 0, 'ingredient_1': 0, 'ingredient_2': 0, 'ingredient_3': 0}"
"('Houston, Texas', 'ukrainian food', 500000)",ChIJ2bHd0losR4YRYd_qzxNOiIo,Bananas Foster,"with caramel sauce, with cinnamon sugar, with banana, with scoops of vanilla ice cream",0.33760303,"{'name': np.float32(0.37442318), 'ingredient_1': np.float32(0.4230116), 'ingredient_2': np.float32(0.4153448), 'ingredient_3': np.float32(0.45684567)}"
"('Houston, Texas', 'ukrainian food', 500000)",ChIJtQtmABXDQIYRdimv6mcxXY8,Cupcake,"Green Apple, Light, Crisp Finish, Lime",0.33607006,"{'name': np.float32(0.2876171), 'ingredient_1': np.float32(0.33268493), 'ingredient_2': np.float32(0.374917), 'ingredient_3': np.float32(0.40272614)}"
"('Houston, Texas', 'ukrainian food', 500000)",ChIJ2bHd0losR4YRYd_qzxNOiIo,Vanilla Cherry,"with fresh cherries, with condensed milk, with Mila's homemade whipped cream",0.33528197,"{'name': np.float32(0.34788397), 'ingredient_1': np.float32(0.43538135), 'ingredient_2': np.float32(0.37255937), 'ingredient_3': np.float32(0.41033083)}"
"('Houston, Texas', 'ukrainian food', 500000)",ChIJ2bHd0losR4YRYd_qzxNOiIo,Thick Caramel With Banana & Strawberry,"strawberries, with thick milk caramel, with banana",0.33431995,"{'name': np.float32(0.35312885), 'ingredient_1': np.float32(0.43538135), 'ingredient_2': np.float32(0.409378), 'ingredient_3': np.float32(0.45684567)}"
"('Houston, Texas', 'ukrainian food', 500000)",ChIJ2bHd0losR4YRYd_qzxNOiIo,Cinnamon Caramelized Apple,"with caramel sauce, with Mila's homemade whipped cream, with cinnamon caramelized apple",0.33361322,"{'name': np.float32(0.37442318), 'ingredient_1': np.float32(0.41303632), 'ingredient_2': np.float32(0.37909317), 'ingredient_3': np.float32(0.45684567)}"
"('Houston, Texas', 'ukrainian food', 500000)",ChIJ2bHd0losR4YRYd_qzxNOiIo,Hot Tea,,0.33218187,"{'name': 0, 'ingredient_1': 0, 'ingredient_2': 0, 'ingredient_3': 0}"
"('Houston, Texas', 'ukrainian food', 500000)",ChIJ2bHd0losR4YRYd_qzxNOiIo,Peanut Butter With Banana & Chocolate Sauce,"with banana, with peanut butter, with chocolate sauce",0.33166963,"{'name': np.float32(0.37442318), 'ingredient_1': np.float32(0.47336575), 'ingredient_2': np.float32(0.39969778), 'ingredient_3': np.float32(0.4866465)}"
"('Houston, Texas', 'ukrainian food', 500000)",ChIJtQtmABXDQIYRdimv6mcxXY8,Kirschwasser,,0.32909405,"{'name': 0, 'ingredient_1': 0, 'ingredient_2': 0, 'ingredient_3': 0}"
"('Houston, Texas', 'ukrainian food', 500000)",ChIJtQtmABXDQIYRdimv6mcxXY8,Malbec Revolution,"Blueberries, Chocolate Hints, Fruity, Soft, Blackberries, Round Tannins, Sweet, Intense Ripe Fruit",0.32869655,"{'name': np.float32(0.36427405), 'ingredient_1': np.float32(0.46521816), 'ingredient_2': np.float32(0.4387666), 'ingredient_3': np.float32(0.46380353)}"
"('Houston, Texas', 'ukrainian food', 500000)",ChIJ2bHd0losR4YRYd_qzxNOiIo,Greek Yogurt With Banana & Honey,"with banana, with honey, with Greek yogurt",0.32813197,"{'name': np.float32(0.40046215), 'ingredient_1': np.float32(0.39841422), 'ingredient_2': np.float32(0.38656127), 'ingredient_3': np.float32(0.4216804)}"
"('Houston, Texas', 'ukrainian food', 500000)",ChIJtQtmABXDQIYRdimv6mcxXY8,Sutter Home,"Smooth, Sun-Ripened Berries, Sweet",0.32678175,"{'name': np.float32(0.38561317), 'ingredient_1': np.float32(0.37624037), 'ingredient_2': np.float32(0.48350087), 'ingredient_3': np.float32(0.35533887)}"
"('Houston, Texas', 'ukrainian food', 500000)",ChIJtQtmABXDQIYRdimv6mcxXY8,Sonoma Cutrer,"Light, Zesty Palate, Tropical Fruit Flavors",0.324987,"{'name': np.float32(0.30819038), 'ingredient_1': np.float32(0.3804599), 'ingredient_2': np.float32(0.4387666), 'ingredient_3': np.float32(0.46380353)}"
"('Houston, Texas', 'ukrainian food', 500000)",ChIJtQtmABXDQIYRdimv6mcxXY8,Peter Brum Bacchus,"Mineral Flavors, Honey, Lightly Sweet, Apricot",0.32453337,"{'name': np.float32(0.31238458), 'ingredient_1': np.float32(0.39841422), 'ingredient_2': np.float32(0.38656127), 'ingredient_3': np.float32(0.45241112)}"
"('Houston, Texas', 'ukrainian food', 500000)",ChIJtQtmABXDQIYRdimv6mcxXY8,Budweiser,,0.32451755,"{'name': 0, 'ingredient_1': 0, 'ingredient_2': 0, 'ingredient_3': 0}"
"('Houston, Texas', 'ukrainian food', 500000)",ChIJtQtmABXDQIYRdimv6mcxXY8,Large Soft Salted Pretzel,sweet Bavarian Mustard,0.32347238,"{'name': np.float32(0.3761479), 'ingredient_1': np.float32(0.3920244), 'ingredient_2': np.float32(0.4464953), 'ingredient_3': np.float32(0.46717313)}"
"('Houston, Texas', 'ukrainian food', 500000)",ChIJ2bHd0losR4YRYd_qzxNOiIo,Chocolate Milk,,0.32216787,"{'name': 0, 'ingredient_1': 0, 'ingredient_2': 0, 'ingredient_3': 0}"
"('Houston, Texas', 'ukrainian food', 500000)",ChIJ2bHd0losR4YRYd_qzxNOiIo,"Peanut Butter, Nutella With Bananas & Caramel Sauce","with banana, with Nutella, with peanut butter, with caramel sauce",0.32033908,"{'name': np.float32(0.37442318), 'ingredient_1': np.float32(0.47336575), 'ingredient_2': np.float32(0.39969778), 'ingredient_3': np.float32(0.4866465)}"
"('Houston, Texas', 'ukrainian food', 500000)",ChIJtQtmABXDQIYRdimv6mcxXY8,Large Soft Salted Pretzels,Bavarian Mustard,0.32027912,"{'name': np.float32(0.3761479), 'ingredient_1': np.float32(0.3920244), 'ingredient_2': np.float32(0.4464953), 'ingredient_3': np.float32(0.46717313)}"
"('Houston, Texas', 'ukrainian food', 500000)",ChIJtQtmABXDQIYRdimv6mcxXY8,Gruner Veltliner,"Spiced Flavor, Fruity Bouquet, Crisp, Zingy",0.32003057,"{'name': np.float32(0.36419982), 'ingredient_1': np.float32(0.34621233), 'ingredient_2': np.float32(0.34709322), 'ingredient_3': np.float32(0.38565055)}"
"('Houston, Texas', 'ukrainian food', 500000)",ChIJtQtmABXDQIYRdimv6mcxXY8,Clos Du Bois,"Toasty Oak Flavor, Apple Blossom, Smooth, Ripe Pear",0.31670827,"{'name': np.float32(0.30442807), 'ingredient_1': np.float32(0.34698334), 'ingredient_2': np.float32(0.384966), 'ingredient_3': np.float32(0.40272614)}"
"('Houston, Texas', 'ukrainian food', 500000)",ChIJtQtmABXDQIYRdimv6mcxXY8,Paulaner Original,"Sweetness, Mild, Hops",0.3165291,"{'name': np.float32(0.29488045), 'ingredient_1': np.float32(0.37217093), 'ingredient_2': np.float32(0.37871933), 'ingredient_3': np.float32(0.379375)}"
"('Houston, Texas', 'ukrainian food', 500000)",ChIJ2bHd0losR4YRYd_qzxNOiIo,Crepe With Melted Butter,melted butter,0.31642616,"{'name': np.float32(0.3260374), 'ingredient_1': np.float32(0.47336575), 'ingredient_2': np.float32(0.38742578), 'ingredient_3': np.float32(0.4242245)}"
"('Houston, Texas', 'ukrainian food', 500000)",ChIJ2bHd0losR4YRYd_qzxNOiIo,Crepe With Lemon Juice and Sugar,"tart lemon juice, sweet powdered sugar",0.31636253,"{'name': np.float32(0.35917526), 'ingredient_1': np.float32(0.40518588), 'ingredient_2': np.float32(0.4153448), 'ingredient_3': np.float32(0.45166495)}"
"('Houston, Texas', 'ukrainian food', 500000)",ChIJtQtmABXDQIYRdimv6mcxXY8,Pinot Noir Cupcake,"Spice, Currants, Cherries Aroma",0.31534263,"{'name': np.float32(0.34788397), 'ingredient_1': np.float32(0.3688011), 'ingredient_2': np.float32(0.38945785), 'ingredient_3': np.float32(0.3815565)}"
"('Houston, Texas', 'ukrainian food', 500000)",ChIJ2bHd0losR4YRYd_qzxNOiIo,Nutella With Strawberry & Banana,"with strawberries, with Nutella, with banana",0.31483325,"{'name': np.float32(0.35312885), 'ingredient_1': np.float32(0.3872828), 'ingredient_2': np.float32(0.409378), 'ingredient_3': np.float32(0.4216804)}"
"('Houston, Texas', 'ukrainian food', 500000)",ChIJ2bHd0losR4YRYd_qzxNOiIo,Nectarine Crepe,"with fresh nectarines, with Mila's homemade whipped cream, orange preserves, with toasted pecans, with caramel sauce",0.31479144,"{'name': np.float32(0.37442318), 'ingredient_1': np.float32(0.41303632), 'ingredient_2': np.float32(0.36380804), 'ingredient_3': np.float32(0.45684567)}"
"('Houston, Texas', 'ukrainian food', 500000)",ChIJtQtmABXDQIYRdimv6mcxXY8,Heinz Eifel Shine,"Slightly Sweet, Green Apple, Crisp, Pear, Peach",0.31211385,"{'name': np.float32(0.29862285), 'ingredient_1': np.float32(0.37168962), 'ingredient_2': np.float32(0.42569178), 'ingredient_3': np.float32(0.40272614)}"
"('Houston, Texas', 'ukrainian food', 500000)",ChIJtQtmABXDQIYRdimv6mcxXY8,Assorted Hot Tea,,0.3118488,"{'name': 0, 'ingredient_1': 0, 'ingredient_2': 0, 'ingredient_3': 0}"
"('Houston, Texas', 'ukrainian food', 500000)",ChIJtQtmABXDQIYRdimv6mcxXY8,Bud Light,,0.311046,"{'name': 0, 'ingredient_1': 0, 'ingredient_2': 0, 'ingredient_3': 0}"
"('Houston, Texas', 'ukrainian food', 500000)",ChIJtQtmABXDQIYRdimv6mcxXY8,Kaiser Kolsch,"Spice, Floral, German Blonde Ale",0.31073746,"{'name': np.float32(0.2865423), 'ingredient_1': np.float32(0.35557598), 'ingredient_2': np.float32(0.35523558), 'ingredient_3': np.float32(0.3815565)}"
"('Houston, Texas', 'ukrainian food', 500000)",ChIJtQtmABXDQIYRdimv6mcxXY8,Römerhof Riesling KABINETT,"Apple, Pear Flavors, Subtle Sweetness, Crisp Finish, Medium Sweet",0.3086678,"{'name': np.float32(0.30085084), 'ingredient_1': np.float32(0.33715042), 'ingredient_2': np.float32(0.374917), 'ingredient_3': np.float32(0.40272614)}"
"('Houston, Texas', 'ukrainian food', 500000)",ChIJtQtmABXDQIYRdimv6mcxXY8,Liebfraumilch-Schmitt Söhne,"Semi Sweet, Fruity Bouquet",0.30764535,"{'name': np.float32(0.36419982), 'ingredient_1': np.float32(0.32460654), 'ingredient_2': np.float32(0.36323065), 'ingredient_3': np.float32(0.38565055)}"
"('Houston, Texas', 'ukrainian food', 500000)",ChIJ2bHd0losR4YRYd_qzxNOiIo,Crepe With Melted Butter & Powdered Sugar,"melted butter, powdered sugar",0.30631316,"{'name': np.float32(0.3260374), 'ingredient_1': np.float32(0.47336575), 'ingredient_2': np.float32(0.4153448), 'ingredient_3': np.float32(0.4242245)}"
"('Houston, Texas', 'ukrainian food', 500000)",ChIJtQtmABXDQIYRdimv6mcxXY8,Pinot Grigio Cavit,"Green Apple, Refreshing, Lemon, Punchy Acidity",0.30601832,"{'name': np.float32(0.30261755), 'ingredient_1': np.float32(0.35523847), 'ingredient_2': np.float32(0.3991147), 'ingredient_3': np.float32(0.43747482)}"
"('Houston, Texas', 'ukrainian food', 500000)",ChIJtQtmABXDQIYRdimv6mcxXY8,Frontera,"Soft Tannins, Fruity, Chocolate, Black Plum",0.30527586,"{'name': np.float32(0.31064928), 'ingredient_1': np.float32(0.46521816), 'ingredient_2': np.float32(0.3939799), 'ingredient_3': np.float32(0.42638767)}"
"('Houston, Texas', 'ukrainian food', 500000)",ChIJtQtmABXDQIYRdimv6mcxXY8,Metairie Chardonnay,"Medium bodied, Refreshing, Acacia, Vanilla, Citrus, Peach",0.30047822,"{'name': np.float32(0.32204092), 'ingredient_1': np.float32(0.37168962), 'ingredient_2': np.float32(0.42569178), 'ingredient_3': np.float32(0.4217545)}"
"('Houston, Texas', 'ukrainian food', 500000)",ChIJtQtmABXDQIYRdimv6mcxXY8,Buttery Parsley Fettuccini,,0.300226,"{'name': 0, 'ingredient_1': 0, 'ingredient_2': 0, 'ingredient_3': 0}"
"('Houston, Texas', 'ukrainian food', 500000)",ChIJtQtmABXDQIYRdimv6mcxXY8,Pork Wiener Schnitzel Sandwich,,0.3001505,"{'name': 0, 'ingredient_1': 0, 'ingredient_2': 0, 'ingredient_3': 0}"
"('Houston, Texas', 'ukrainian food', 500000)",ChIJ2bHd0losR4YRYd_qzxNOiIo,Crepe With Cinnamon & Sugar,sweet cinnamon sugar,0.29927024,"{'name': np.float32(0.27437666), 'ingredient_1': np.float32(0.3660015), 'ingredient_2': np.float32(0.4153448), 'ingredient_3': np.float32(0.4088501)}"
"('Houston, Texas', 'ukrainian food', 500000)",ChIJtQtmABXDQIYRdimv6mcxXY8,The Goose,"Pear Drops, Crunchy Green Apple, Quince, Tangy Finish, Natural Acidity, Grapefruit Flavor",0.2975608,"{'name': np.float32(0.3032158), 'ingredient_1': np.float32(0.36356312), 'ingredient_2': np.float32(0.40780562), 'ingredient_3': np.float32(0.41483286)}"
"('Houston, Texas', 'ukrainian food', 500000)",ChIJtQtmABXDQIYRdimv6mcxXY8,Caesar Salad,,0.2969254,"{'name': 0, 'ingredient_1': 0, 'ingredient_2': 0, 'ingredient_3': 0}"
"('Houston, Texas', 'ukrainian food', 500000)",ChIJtQtmABXDQIYRdimv6mcxXY8,Loaf of Zucchini Bread,,0.29644376,"{'name': 0, 'ingredient_1': 0, 'ingredient_2': 0, 'ingredient_3': 0}"
"('Houston, Texas', 'ukrainian food', 500000)",ChIJtQtmABXDQIYRdimv6mcxXY8,Chicken Schnitzel Sandwich,,0.29502505,"{'name': 0, 'ingredient_1': 0, 'ingredient_2': 0, 'ingredient_3': 0}"
"('Houston, Texas', 'ukrainian food', 500000)",ChIJtQtmABXDQIYRdimv6mcxXY8,Piesporter Michelsberg,"Fruity Bouquet, Mild Taste",0.29291993,"{'name': np.float32(0.36419982), 'ingredient_1': np.float32(0.36081842), 'ingredient_2': np.float32(0.34709322), 'ingredient_3': np.float32(0.38565055)}"
"('Houston, Texas', 'ukrainian food', 500000)",ChIJtQtmABXDQIYRdimv6mcxXY8,Stella Artois Pilsner,"Belgium, Leuven",0.28976113,"{'name': np.float32(0.23913832), 'ingredient_1': np.float32(0.34490407), 'ingredient_2': np.float32(0.32960853), 'ingredient_3': np.float32(0.3002293)}"
"('Houston, Texas', 'ukrainian food', 500000)",ChIJ2bHd0losR4YRYd_qzxNOiIo,Bottled Water,,0.2897364,"{'name': 0, 'ingredient_1': 0, 'ingredient_2': 0, 'ingredient_3': 0}"
"('Houston, Texas', 'ukrainian food', 500000)",ChIJtQtmABXDQIYRdimv6mcxXY8,California Chardonnay,"Golden Color, Melon, Lemon, Great Finesse",0.2889952,"{'name': np.float32(0.30261755), 'ingredient_1': np.float32(0.35523847), 'ingredient_2': np.float32(0.3991147), 'ingredient_3': np.float32(0.43747482)}"
"('Houston, Texas', 'ukrainian food', 500000)",ChIJtQtmABXDQIYRdimv6mcxXY8,Knackwurst Sausage Sandwich,,0.28883898,"{'name': 0, 'ingredient_1': 0, 'ingredient_2': 0, 'ingredient_3': 0}"
"('Houston, Texas', 'ukrainian food', 500000)",ChIJtQtmABXDQIYRdimv6mcxXY8,Apfel Strudel,,0.28704092,"{'name': 0, 'ingredient_1': 0, 'ingredient_2': 0, 'ingredient_3': 0}"
"('Houston, Texas', 'ukrainian food', 500000)",ChIJ2bHd0losR4YRYd_qzxNOiIo,Peppermint Hot Chocolate,,0.28664497,"{'name': 0, 'ingredient_1': 0, 'ingredient_2': 0, 'ingredient_3': 0}"
"('Houston, Texas', 'ukrainian food', 500000)",ChIJtQtmABXDQIYRdimv6mcxXY8,Mini Pork Wiener Schnitzel,,0.2847802,"{'name': 0, 'ingredient_1': 0, 'ingredient_2': 0, 'ingredient_3': 0}"
"('Houston, Texas', 'ukrainian food', 500000)",ChIJtQtmABXDQIYRdimv6mcxXY8,CAMELOPARD,"Mocha, Nutmeg Spice, Blackcurrant, Raspberry, Chocolate, Dark Plum",0.28358305,"{'name': np.float32(0.3660583), 'ingredient_1': np.float32(0.46521816), 'ingredient_2': np.float32(0.41547924), 'ingredient_3': np.float32(0.42638767)}"
"('Houston, Texas', 'ukrainian food', 500000)",ChIJtQtmABXDQIYRdimv6mcxXY8,Dr Pepper,,0.28202257,"{'name': 0, 'ingredient_1': 0, 'ingredient_2': 0, 'ingredient_3': 0}"
"('Houston, Texas', 'ukrainian food', 500000)",ChIJtQtmABXDQIYRdimv6mcxXY8,La Terre,"Full Bodied, Pepper Taste Finish",0.281246,"{'name': np.float32(0.29855645), 'ingredient_1': np.float32(0.41724396), 'ingredient_2': np.float32(0.43625754), 'ingredient_3': np.float32(0.46681732)}"
"('Houston, Texas', 'ukrainian food', 500000)",ChIJtQtmABXDQIYRdimv6mcxXY8,B&B,,0.2811775,"{'name': 0, 'ingredient_1': 0, 'ingredient_2': 0, 'ingredient_3': 0}"
"('Houston, Texas', 'ukrainian food', 500000)",ChIJtQtmABXDQIYRdimv6mcxXY8,Lemon Drops,,0.28034556,"{'name': 0, 'ingredient_1': 0, 'ingredient_2': 0, 'ingredient_3': 0}"
"('Houston, Texas', 'ukrainian food', 500000)",ChIJtQtmABXDQIYRdimv6mcxXY8,Casa Lapostolle,"Lively Palate, Cassis Flavor, Black Plum",0.27868178,"{'name': np.float32(0.31064928), 'ingredient_1': np.float32(0.35915816), 'ingredient_2': np.float32(0.39919782), 'ingredient_3': np.float32(0.3683887)}"
"('Houston, Texas', 'ukrainian food', 500000)",ChIJtQtmABXDQIYRdimv6mcxXY8,Robert Mondavi,"Blackberries, Black Plum Aroma, Velvety Finish",0.27646157,"{'name': np.float32(0.32206285), 'ingredient_1': np.float32(0.35915816), 'ingredient_2': np.float32(0.3939799), 'ingredient_3': np.float32(0.3683887)}"
"('Houston, Texas', 'ukrainian food', 500000)",ChIJ2bHd0losR4YRYd_qzxNOiIo,Crepe With Nutella,creamy Nutella spread,0.27484065,"{'name': np.float32(0.29529697), 'ingredient_1': np.float32(0.3801941), 'ingredient_2': np.float32(0.3058738), 'ingredient_3': np.float32(0.3538302)}"
"('Houston, Texas', 'ukrainian food', 500000)",ChIJtQtmABXDQIYRdimv6mcxXY8,FUNCKEN HAUSEN,"Malbec, Cabernet Sauvignon, Petit Verdot",0.27423626,"{'name': np.float32(0.31521237), 'ingredient_1': np.float32(0.38475513), 'ingredient_2': np.float32(0.40724424), 'ingredient_3': np.float32(0.3719582)}"
"('Houston, Texas', 'ukrainian food', 500000)",ChIJtQtmABXDQIYRdimv6mcxXY8,Jägermeister,,0.27385223,"{'name': 0, 'ingredient_1': 0, 'ingredient_2': 0, 'ingredient_3': 0}"
"('Houston, Texas', 'ukrainian food', 500000)",ChIJtQtmABXDQIYRdimv6mcxXY8,Mini Original Veal Wiener Schnitzel,,0.27224395,"{'name': 0, 'ingredient_1': 0, 'ingredient_2': 0, 'ingredient_3': 0}"
"('Houston, Texas', 'ukrainian food', 500000)",ChIJtQtmABXDQIYRdimv6mcxXY8,St. Arnold Rootbeer,,0.27195257,"{'name': 0, 'ingredient_1': 0, 'ingredient_2': 0, 'ingredient_3': 0}"
"('Houston, Texas', 'ukrainian food', 500000)",ChIJtQtmABXDQIYRdimv6mcxXY8,ROY VANE,"On Light Sweet Notes, Fresh, Vibrant, Fruity",0.2717595,"{'name': np.float32(0.28115103), 'ingredient_1': np.float32(0.38701594), 'ingredient_2': np.float32(0.36323065), 'ingredient_3': np.float32(0.4189321)}"
"('Houston, Texas', 'ukrainian food', 500000)",ChIJtQtmABXDQIYRdimv6mcxXY8,Peppermint,,0.2706054,"{'name': 0, 'ingredient_1': 0, 'ingredient_2': 0, 'ingredient_3': 0}"
"('Houston, Texas', 'ukrainian food', 500000)",ChIJtQtmABXDQIYRdimv6mcxXY8,Warsteiner Dunkel,Germany,0.27026653,"{'name': np.float32(0.1884176), 'ingredient_1': np.float32(0.2679797), 'ingredient_2': np.float32(0.25203323), 'ingredient_3': np.float32(0.24875772)}"
"('Houston, Texas', 'ukrainian food', 500000)",ChIJtQtmABXDQIYRdimv6mcxXY8,Goldschlager,,0.26768664,"{'name': 0, 'ingredient_1': 0, 'ingredient_2': 0, 'ingredient_3': 0}"
"('Houston, Texas', 'ukrainian food', 500000)",ChIJtQtmABXDQIYRdimv6mcxXY8,Southern Comfort,,0.26620173,"{'name': 0, 'ingredient_1': 0, 'ingredient_2': 0, 'ingredient_3': 0}"
"('Houston, Texas', 'ukrainian food', 500000)",ChIJ2bHd0losR4YRYd_qzxNOiIo,Cinnamon Hot Chocolate,,0.26205406,"{'name': 0, 'ingredient_1': 0, 'ingredient_2': 0, 'ingredient_3': 0}"
"('Houston, Texas', 'ukrainian food', 500000)",ChIJtQtmABXDQIYRdimv6mcxXY8,German Beer Flight,,0.26200616,"{'name': 0, 'ingredient_1': 0, 'ingredient_2': 0, 'ingredient_3': 0}"
"('Houston, Texas', 'ukrainian food', 500000)",ChIJtQtmABXDQIYRdimv6mcxXY8,Cabernet Sauvignon Metairie,"Full Bodied, Great Finish, Rich, Intense",0.26144108,"{'name': np.float32(0.28559643), 'ingredient_1': np.float32(0.31271523), 'ingredient_2': np.float32(0.31960672), 'ingredient_3': np.float32(0.28167838)}"
"('Houston, Texas', 'ukrainian food', 500000)",ChIJ2bHd0losR4YRYd_qzxNOiIo,Two Fried Eggs,,0.2606977,"{'name': 0, 'ingredient_1': 0, 'ingredient_2': 0, 'ingredient_3': 0}"
"('Houston, Texas', 'ukrainian food', 500000)",ChIJtQtmABXDQIYRdimv6mcxXY8,Cappuccino,,0.25944144,"{'name': 0, 'ingredient_1': 0, 'ingredient_2': 0, 'ingredient_3': 0}"
"('Houston, Texas', 'ukrainian food', 500000)",ChIJ2bHd0losR4YRYd_qzxNOiIo,Hot Latte,,0.25920635,"{'name': 0, 'ingredient_1': 0, 'ingredient_2': 0, 'ingredient_3': 0}"
"('Houston, Texas', 'ukrainian food', 500000)",ChIJtQtmABXDQIYRdimv6mcxXY8,Bitburger Premium Pils,Germany,0.25879085,"{'name': np.float32(0.1884176), 'ingredient_1': np.float32(0.2679797), 'ingredient_2': np.float32(0.25203323), 'ingredient_3': np.float32(0.24875772)}"
"('Houston, Texas', 'ukrainian food', 500000)",ChIJtQtmABXDQIYRdimv6mcxXY8,Spaten Optimator Doppelbock,Germany,0.25620767,"{'name': np.float32(0.1884176), 'ingredient_1': np.float32(0.2679797), 'ingredient_2': np.float32(0.25203323), 'ingredient_3': np.float32(0.24875772)}"
"('Houston, Texas', 'ukrainian food', 500000)",ChIJtQtmABXDQIYRdimv6mcxXY8,Rosemary Roasted Chicken,,0.25611502,"{'name': 0, 'ingredient_1': 0, 'ingredient_2': 0, 'ingredient_3': 0}"
"('Houston, Texas', 'ukrainian food', 500000)",ChIJtQtmABXDQIYRdimv6mcxXY8,German Chocolate Cake,,0.25571495,"{'name': 0, 'ingredient_1': 0, 'ingredient_2': 0, 'ingredient_3': 0}"
"('Houston, Texas', 'ukrainian food', 500000)",ChIJtQtmABXDQIYRdimv6mcxXY8,König Pilsner,Germany,0.25492352,"{'name': np.float32(0.1884176), 'ingredient_1': np.float32(0.2679797), 'ingredient_2': np.float32(0.25203323), 'ingredient_3': np.float32(0.24875772)}"
"('Houston, Texas', 'ukrainian food', 500000)",ChIJ2bHd0losR4YRYd_qzxNOiIo,Canned Soft Drinks,,0.25429603,"{'name': 0, 'ingredient_1': 0, 'ingredient_2': 0, 'ingredient_3': 0}"
"('Houston, Texas', 'ukrainian food', 500000)",ChIJtQtmABXDQIYRdimv6mcxXY8,Large Roasted Pork Shank,,0.25344557,"{'name': 0, 'ingredient_1': 0, 'ingredient_2': 0, 'ingredient_3': 0}"
"('Houston, Texas', 'ukrainian food', 500000)",ChIJtQtmABXDQIYRdimv6mcxXY8,Appletini,,0.25258973,"{'name': 0, 'ingredient_1': 0, 'ingredient_2': 0, 'ingredient_3': 0}"
"('Houston, Texas', 'ukrainian food', 500000)",ChIJtQtmABXDQIYRdimv6mcxXY8,Weihenstephaner Lager,Bavaria,0.25038368,"{'name': np.float32(0.30352926), 'ingredient_1': np.float32(0.27910727), 'ingredient_2': np.float32(0.27472642), 'ingredient_3': np.float32(0.22929685)}"
"('Houston, Texas', 'ukrainian food', 500000)",ChIJtQtmABXDQIYRdimv6mcxXY8,Diet Coke,,0.25017196,"{'name': 0, 'ingredient_1': 0, 'ingredient_2': 0, 'ingredient_3': 0}"
"('Houston, Texas', 'ukrainian food', 500000)",ChIJtQtmABXDQIYRdimv6mcxXY8,Amaretto Disaronno,,0.25008947,"{'name': 0, 'ingredient_1': 0, 'ingredient_2': 0, 'ingredient_3': 0}"
"('Houston, Texas', 'ukrainian food', 500000)",ChIJtQtmABXDQIYRdimv6mcxXY8,Weihenstephaner Hefe,Bavaria,0.24914162,"{'name': np.float32(0.30352926), 'ingredient_1': np.float32(0.27910727), 'ingredient_2': np.float32(0.27472642), 'ingredient_3': np.float32(0.22929685)}"
"('Houston, Texas', 'ukrainian food', 500000)",ChIJ2bHd0losR4YRYd_qzxNOiIo,Two Scrambled Eggs,,0.2487199,"{'name': 0, 'ingredient_1': 0, 'ingredient_2': 0, 'ingredient_3': 0}"
"('Houston, Texas', 'ukrainian food', 500000)",ChIJtQtmABXDQIYRdimv6mcxXY8,Espresso,,0.24564286,"{'name': 0, 'ingredient_1': 0, 'ingredient_2': 0, 'ingredient_3': 0}"
"('Houston, Texas', 'ukrainian food', 500000)",ChIJtQtmABXDQIYRdimv6mcxXY8,Baileys Irish Cream,,0.24534091,"{'name': 0, 'ingredient_1': 0, 'ingredient_2': 0, 'ingredient_3': 0}"
"('Houston, Texas', 'ukrainian food', 500000)",ChIJtQtmABXDQIYRdimv6mcxXY8,Rumpleminze,,0.2452699,"{'name': 0, 'ingredient_1': 0, 'ingredient_2': 0, 'ingredient_3': 0}"
"('Houston, Texas', 'ukrainian food', 500000)",ChIJtQtmABXDQIYRdimv6mcxXY8,Café Latte,,0.2445157,"{'name': 0, 'ingredient_1': 0, 'ingredient_2': 0, 'ingredient_3': 0}"
"('Houston, Texas', 'ukrainian food', 500000)",ChIJtQtmABXDQIYRdimv6mcxXY8,Sambuca,,0.24388742,"{'name': 0, 'ingredient_1': 0, 'ingredient_2': 0, 'ingredient_3': 0}"
"('Houston, Texas', 'ukrainian food', 500000)",ChIJ2bHd0losR4YRYd_qzxNOiIo,Vanilla Ice Cream,,0.24311456,"{'name': 0, 'ingredient_1': 0, 'ingredient_2': 0, 'ingredient_3': 0}"
"('Houston, Texas', 'ukrainian food', 500000)",ChIJtQtmABXDQIYRdimv6mcxXY8,Vanilla Ice Cream,,0.24311456,"{'name': 0, 'ingredient_1': 0, 'ingredient_2': 0, 'ingredient_3': 0}"
"('Houston, Texas', 'ukrainian food', 500000)",ChIJtQtmABXDQIYRdimv6mcxXY8,Paulaner Salvator Double Bock,Munich,0.24043337,"{'name': np.float32(0.20666668), 'ingredient_1': np.float32(0.24623032), 'ingredient_2': np.float32(0.20439954), 'ingredient_3': np.float32(0.23572867)}"
"('Houston, Texas', 'ukrainian food', 500000)",ChIJtQtmABXDQIYRdimv6mcxXY8,Harvey’s Bristol Cream Sherry,,0.2393857,"{'name': 0, 'ingredient_1': 0, 'ingredient_2': 0, 'ingredient_3': 0}"
"('Houston, Texas', 'ukrainian food', 500000)",ChIJtQtmABXDQIYRdimv6mcxXY8,Weihenstephaner Kristall Weizen,Bavaria,0.23804419,"{'name': np.float32(0.30352926), 'ingredient_1': np.float32(0.27910727), 'ingredient_2': np.float32(0.27472642), 'ingredient_3': np.float32(0.22929685)}"
"('Houston, Texas', 'ukrainian food', 500000)",ChIJtQtmABXDQIYRdimv6mcxXY8,Irish Coffee,,0.23587063,"{'name': 0, 'ingredient_1': 0, 'ingredient_2': 0, 'ingredient_3': 0}"
"('Houston, Texas', 'ukrainian food', 500000)",ChIJtQtmABXDQIYRdimv6mcxXY8,Carlsberg Pilsner,Denmark,0.23559387,"{'name': np.float32(0.15123022), 'ingredient_1': np.float32(0.23909785), 'ingredient_2': np.float32(0.23690343), 'ingredient_3': np.float32(0.24215783)}"
"('Houston, Texas', 'ukrainian food', 500000)",ChIJtQtmABXDQIYRdimv6mcxXY8,Apple,,0.23442017,"{'name': 0, 'ingredient_1': 0, 'ingredient_2': 0, 'ingredient_3': 0}"
"('Houston, Texas', 'ukrainian food', 500000)",ChIJtQtmABXDQIYRdimv6mcxXY8,Ayinger Hefe Weizen,Bavaria,0.2318881,"{'name': np.float32(0.30352926), 'ingredient_1': np.float32(0.27910727), 'ingredient_2': np.float32(0.27472642), 'ingredient_3': np.float32(0.22929685)}"
"('Houston, Texas', 'ukrainian food', 500000)",ChIJtQtmABXDQIYRdimv6mcxXY8,Original Margarita,,0.22977974,"{'name': 0, 'ingredient_1': 0, 'ingredient_2': 0, 'ingredient_3': 0}"
"('Houston, Texas', 'ukrainian food', 500000)",ChIJtQtmABXDQIYRdimv6mcxXY8,Peachtree,,0.22822887,"{'name': 0, 'ingredient_1': 0, 'ingredient_2': 0, 'ingredient_3': 0}"
"('Houston, Texas', 'ukrainian food', 500000)",ChIJtQtmABXDQIYRdimv6mcxXY8,Courvoisier,,0.2260145,"{'name': 0, 'ingredient_1': 0, 'ingredient_2': 0, 'ingredient_3': 0}"
"('Houston, Texas', 'ukrainian food', 500000)",ChIJtQtmABXDQIYRdimv6mcxXY8,Michelob Ultra-Light,,0.225255,"{'name': 0, 'ingredient_1': 0, 'ingredient_2': 0, 'ingredient_3': 0}"
"('Houston, Texas', 'ukrainian food', 500000)",ChIJtQtmABXDQIYRdimv6mcxXY8,Fonseca Bin 27,red:N/A,0.22489965,"{'name': np.float32(0.21981458), 'ingredient_1': np.float32(0.21104518), 'ingredient_2': np.float32(0.28800118), 'ingredient_3': np.float32(0.2709013)}"
"('Houston, Texas', 'ukrainian food', 500000)",ChIJtQtmABXDQIYRdimv6mcxXY8,Grand Marnier,,0.22168322,"{'name': 0, 'ingredient_1': 0, 'ingredient_2': 0, 'ingredient_3': 0}"
"('Houston, Texas', 'ukrainian food', 500000)",ChIJtQtmABXDQIYRdimv6mcxXY8,Taylor Fladgate 10,red:N/A,0.21955898,"{'name': np.float32(0.21981458), 'ingredient_1': np.float32(0.21104518), 'ingredient_2': np.float32(0.28800118), 'ingredient_3': np.float32(0.2709013)}"
"('Houston, Texas', 'ukrainian food', 500000)",ChIJtQtmABXDQIYRdimv6mcxXY8,German Coffee with Brandy,,0.21942765,"{'name': 0, 'ingredient_1': 0, 'ingredient_2': 0, 'ingredient_3': 0}"
"('Houston, Texas', 'ukrainian food', 500000)",ChIJtQtmABXDQIYRdimv6mcxXY8,Grilled Salmon Caesar Salad,,0.2192812,"{'name': 0, 'ingredient_1': 0, 'ingredient_2': 0, 'ingredient_3': 0}"
"('Houston, Texas', 'ukrainian food', 500000)",ChIJtQtmABXDQIYRdimv6mcxXY8,EL INUTIL,Crisp Finish,0.2172204,"{'name': np.float32(0.21226633), 'ingredient_1': np.float32(0.3116129), 'ingredient_2': np.float32(0.3161386), 'ingredient_3': np.float32(0.33871186)}"
"('Houston, Texas', 'ukrainian food', 500000)",ChIJtQtmABXDQIYRdimv6mcxXY8,Regular Coke,,0.21690856,"{'name': 0, 'ingredient_1': 0, 'ingredient_2': 0, 'ingredient_3': 0}"
"('Houston, Texas', 'ukrainian food', 500000)",ChIJ2bHd0losR4YRYd_qzxNOiIo,Build Your Own Three Egg Omelet,,0.21679825,"{'name': 0, 'ingredient_1': 0, 'ingredient_2': 0, 'ingredient_3': 0}"
"('Houston, Texas', 'ukrainian food', 500000)",ChIJtQtmABXDQIYRdimv6mcxXY8,St. Pauli Girl N.A.,,0.21668082,"{'name': 0, 'ingredient_1': 0, 'ingredient_2': 0, 'ingredient_3': 0}"
"('Houston, Texas', 'ukrainian food', 500000)",ChIJtQtmABXDQIYRdimv6mcxXY8,Ruffino Prosecco,,0.2161442,"{'name': 0, 'ingredient_1': 0, 'ingredient_2': 0, 'ingredient_3': 0}"
"('Houston, Texas', 'ukrainian food', 500000)",ChIJtQtmABXDQIYRdimv6mcxXY8,Baileys Coffee,,0.21334505,"{'name': 0, 'ingredient_1': 0, 'ingredient_2': 0, 'ingredient_3': 0}"
"('Houston, Texas', 'ukrainian food', 500000)",ChIJtQtmABXDQIYRdimv6mcxXY8,Altstadt Oktoberfest,Fredericksburg,0.21255934,"{'name': np.float32(0.18627545), 'ingredient_1': np.float32(0.20876169), 'ingredient_2': np.float32(0.1866269), 'ingredient_3': np.float32(0.15490705)}"
"('Houston, Texas', 'ukrainian food', 500000)",ChIJtQtmABXDQIYRdimv6mcxXY8,Grilled Chicken Caesar Salad,,0.21137705,"{'name': 0, 'ingredient_1': 0, 'ingredient_2': 0, 'ingredient_3': 0}"
"('Houston, Texas', 'ukrainian food', 500000)",ChIJtQtmABXDQIYRdimv6mcxXY8,Cosmopolitan,,0.20996651,"{'name': 0, 'ingredient_1': 0, 'ingredient_2': 0, 'ingredient_3': 0}"
"('Houston, Texas', 'ukrainian food', 500000)",ChIJtQtmABXDQIYRdimv6mcxXY8,Decaf Coffee,,0.20525518,"{'name': 0, 'ingredient_1': 0, 'ingredient_2': 0, 'ingredient_3': 0}"
"('Houston, Texas', 'ukrainian food', 500000)",ChIJtQtmABXDQIYRdimv6mcxXY8,Kahlua Coffee Liqueur,,0.202046,"{'name': 0, 'ingredient_1': 0, 'ingredient_2': 0, 'ingredient_3': 0}"
"('Houston, Texas', 'ukrainian food', 500000)",ChIJtQtmABXDQIYRdimv6mcxXY8,Frangelico,,0.19933796,"{'name': 0, 'ingredient_1': 0, 'ingredient_2': 0, 'ingredient_3': 0}"
"('Houston, Texas', 'ukrainian food', 500000)",ChIJ2bHd0losR4YRYd_qzxNOiIo,Custom Ordered Whole Cakes,,0.19531995,"{'name': 0, 'ingredient_1': 0, 'ingredient_2': 0, 'ingredient_3': 0}"
"('Houston, Texas', 'ukrainian food', 500000)",ChIJ2bHd0losR4YRYd_qzxNOiIo,Organic Coffee,,0.19357336,"{'name': 0, 'ingredient_1': 0, 'ingredient_2': 0, 'ingredient_3': 0}"
"('Houston, Texas', 'ukrainian food', 500000)",ChIJtQtmABXDQIYRdimv6mcxXY8,Amaretto Newport,,0.19330725,"{'name': 0, 'ingredient_1': 0, 'ingredient_2': 0, 'ingredient_3': 0}"
"('Houston, Texas', 'ukrainian food', 500000)",ChIJtQtmABXDQIYRdimv6mcxXY8,Tia Maria,,0.18520513,"{'name': 0, 'ingredient_1': 0, 'ingredient_2': 0, 'ingredient_3': 0}"
"('Houston, Texas', 'ukrainian food', 500000)",ChIJtQtmABXDQIYRdimv6mcxXY8,Sprite,,0.18323648,"{'name': 0, 'ingredient_1': 0, 'ingredient_2': 0, 'ingredient_3': 0}"
"('Houston, Texas', 'ukrainian food', 500000)",ChIJtQtmABXDQIYRdimv6mcxXY8,Hennessy,,0.18271822,"{'name': 0, 'ingredient_1': 0, 'ingredient_2': 0, 'ingredient_3': 0}"
"('Houston, Texas', 'ukrainian food', 500000)",ChIJtQtmABXDQIYRdimv6mcxXY8,Regular Coffee,,0.16688803,"{'name': 0, 'ingredient_1': 0, 'ingredient_2': 0, 'ingredient_3': 0}"
"('Houston, Texas', 'ukrainian food', 500000)",ChIJtQtmABXDQIYRdimv6mcxXY8,J Roget,,0.15581748,"{'name': 0, 'ingredient_1': 0, 'ingredient_2': 0, 'ingredient_3': 0}"
